<application>
  <component name="MaterialThemeConfig">
    <option name="compactMenus" value="true" />
    <option name="compactStatusBar" value="true" />
    <option name="compactTables" value="true" />
    <option name="contrastMode" value="true" />
    <option name="compactDropdowns" value="true" />
    <option name="isCompactMenus" value="true" />
    <option name="isCompactStatusBar" value="true" />
    <option name="isCompactTables" value="true" />
    <option name="isContrastMode" value="true" />
    <option name="isWizardShown" value="true" />
    <option name="tabsHeight" value="20" />
    <option name="accentColor" value="2979ff" />
    <option name="selectedTheme" value="ONE_DARK" />
    <option name="userId" value="-cabd36f:174dbb07fc3:-8000" />
    <option name="version" value="5.2.0" />
  </component>
</application>